Workbook

Sheet DATA
A1: 登録名 | B1: 3月2024 | C1: 4月2024 | D1: 5月2024 | E1: 6月2024 | F1: 7月2024 | G1: 8月2024 | H1: 9月2024 | I1: 10月2024 | J1: 11月2024 | K1: 12月2024 | L1: 1月2025 | M1: 2月2025 | N1: 3月2025 | O1: 4月2025 | P1: 5月2025 | Q1: 6月2025 | R1: 7月2025 | S1: 8月2025 | T1: 9月2025 | U1: 10月2025 | V1: 11月2025 | W1: 12月2025 | X1: 平均
A2: 加賀藩 | E2: 8616 | F2: 8744 | G2: 9880 | H2: 3991 | I2: 4830 | J2: 4445 | K2: 4656 | L2: 2493 | M2: 3931 | N2: 3524 | O2: 4182 | P2: 4438 | Q2: 6030 | R2: 7175 | S2: 3801 | T2: 3437 | U2: 5720 | V2: ='11月'!AH8 -> 5055 | W2: ='12月'!AH8 -> 9135 | X2: =AVERAGE(B2:W2) -> 5478.0526
A3: ボブ | K3: 3735 | L3: 3695 | M3: 2354 | N3: 2433 | O3: 1395 | V3: ='11月'!AH9 -> 4128 | W3: ='12月'!AH9 -> 0 | X3: =AVERAGE(B3:W3) -> 2534.2857
A4: 元キリギリス | B4: 8459 | C4: 8744 | D4: 8766 | E4: 6662 | F4: 6085 | G4: 4125 | H4: 5246 | I4: 9263 | J4: 9257 | K4: 7598 | L4: 5779 | M4: 6554 | N4: 6094 | O4: 6105 | P4: 6574 | Q4: 5653 | R4: 4517 | S4: 4280 | T4: 7135 | U4: 10087 | V4: ='11月'!AH4 -> 9382 | W4: ='12月'!AH4 -> 9106 | X4: =AVERAGE(B4:W4) -> 7066.8636
A5: 孫次郎 | B5: 8220 | C5: 6491 | D5: 7333 | E5: 7354 | F5: 7031 | G5: 7166 | H5: 6984 | I5: 5582 | J5: 5767 | K5: 6684 | L5: 7267 | M5: 7601 | N5: 7089 | O5: 6683 | P5: 7228 | Q5: 7689 | R5: 8608 | S5: 8003 | T5: 6937 | U5: 6622 | V5: ='11月'!AH5 -> 7099 | W5: ='12月'!AH5 -> 5740 | X5: =AVERAGE(B5:W5) -> 7053.5455
A6: すーさん | B6: 7748 | C6: 7783 | D6: 7879 | E6: 6150 | F6: 5039 | G6: 6095 | H6: 5703 | I6: 6739 | J6: 5847 | K6: 8110 | L6: 9278 | M6: 10170 | N6: 9301 | O6: 8121 | P6: 6515 | Q6: 6322 | R6: 5442 | S6: 5720 | T6: 7986 | U6: 8816 | V6: ='11月'!AH3 -> 12137 | W6: ='12月'!AH3 -> 15391 | X6: =AVERAGE(B6:W6) -> 7831.4545
A7: 見習いのコウキ | B7: 12357 | C7: 11359 | D7: 9814 | E7: 9142 | F7: 8897 | G7: 14337 | H7: 14798 | I7: 13002 | J7: 14949 | K7: 17851 | L7: 14706 | M7: 15984 | N7: 13375 | O7: 12497 | P7: 11409 | Q7: 14902 | R7: 14662 | S7: 15267 | T7: 11437 | U7: 10942 | V7: ='11月'!AH2 -> 13271 | W7: ='12月'!AH2 -> 8790 | X7: =AVERAGE(B7:W7) -> 12897.636
A8: ハッチ | B8: 1835 | F8: 1366 | I8: 6690 | J8: 3689 | K8: 2061 | M8: 2162 | N8: 1556 | O8: 3108 | P8: 6217 | R8: 1011 | T8: 1706 | U8: 2417 | V8: ='11月'!AH10 -> 2412 | W8: ='12月'!AH10 -> 2463 | X8: =AVERAGE(B8:W8) -> 2763.7857
A9: すし | B9: 9394 | C9: 7085 | D9: 6781 | E9: 4695 | F9: 3065 | G9: 3107 | H9: 1870 | I9: 2130 | J9: 7594 | K9: 8709 | L9: 7983 | M9: 6500 | N9: 8289 | O9: 10147 | P9: 9562 | Q9: 8256 | R9: 6604 | S9: 8701 | T9: 6285 | U9: 5676 | V9: ='11月'!AH7 -> 6129 | W9: ='12月'!AH7 -> 6976 | X9: =AVERAGE(B9:W9) -> 6615.3636
A10: サキ | J10: 2173 | K10: 2490 | L10: 1819 | M10: 1847 | N10: 2042 | O10: 2250 | P10: 2404 | Q10: 2238 | R10: 1999 | S10: 2001 | T10: 2094 | U10: 2365 | V10: ='11月'!AH11 -> 2130 | W10: ='12月'!AH11 -> 1888 | X10: =AVERAGE(B10:W10) -> 2124.2857
A11: 邦栄平均 | B11: =IFERROR(SUBTOTAL(101,B2:B10),"") -> 8002.1667 | C11: =IFERROR(SUBTOTAL(101,C2:C10),"") -> 8292.4 | D11: =IFERROR(SUBTOTAL(101,D2:D10),"") -> 8114.6 | E11: =IFERROR(SUBTOTAL(101,E2:E10),"") -> 7103.1667 | F11: =IFERROR(SUBTOTAL(101,F2:F10),"") -> 5746.7143 | G11: =IFERROR(SUBTOTAL(101,G2:G10),"") -> 7451.6667 | H11: =IFERROR(SUBTOTAL(101,H2:H10),"") -> 6432 | I11: =IFERROR(SUBTOTAL(101,I2:I10),"") -> 6890.8571 | ... P11: =IFERROR(SUBTOTAL(101,P2:P10),"") -> 6793.375 | R11: =IFERROR(SUBTOTAL(101,R2:R10),"") -> 6252.25 | S11: =IFERROR(SUBTOTAL(101,S2:S10),"") -> 6824.7143 | T11: =IFERROR(SUBTOTAL(101,T2:T10),"") -> 5877.125 | U11: =IFERROR(SUBTOTAL(101,U2:U10),"") -> 6580.625 | V11: =IFERROR(SUBTOTAL(101,V2:V10),"") -> 6860.3333 | W11: =IFERROR(SUBTOTAL(101,W2:W10),"") -> 6609.8889 | X11: =AVERAGE(B11:W11) -> 6781.7914

Sheet 11月
A1: チーム | B1: 名前 | C1: 登録名 | D1: 45962 | E1: 45963 | F1: 45964 | G1: 45965 | H1: 45966 | I1: 45967 | J1: 45968 | K1: 45969 | L1: 45970 | M1: 45971 | N1: 45972 | O1: 45973 | P1: 45974 | Q1: 45975 | R1: 45976 | S1: 45977 | T1: 45978 | U1: 45979 | V1: 45980 | W1: 45981 | X1: 45982 | Y1: 45983 | Z1: 45984 | AA1: 45985 | AB1: 45986 | AC1: 45987 | AD1: 45988 | AE1: 45989 | AF1: 45990 | AG1: 45991 | AH1: 結果
A2: 北チーム | B2: 見習いのコウキ | C2: 11814 | D2: 18257 | E2: 16943 | F2: 16058 | G2: 14825 | H2: 14359 | I2: =H2 -> 14359 | J2: 14767 | K2: 13714 | L2: 14713 | M2: 14407 | N2: 14224 | O2: 13899 | P2: =O2 -> 13899 | Q2: =P2 -> 13899 | R2: =Q2 -> 13899 | S2: =R2 -> 13899 | T2: 13549 | U2: =T2 -> 13549 | V2: 13220 | W2: 13215 | X2: =W2 -> 13215 | Y2: =X2 -> 13215 | Z2: 13917 | AA2: =Z2 -> 13917 | AB2: =AA2 -> 13917 | AC2: 12938 | AD2: =AC2 -> 12938 | AE2: 12861 | AF2: 13365 | AG2: 13271 | AH2: {=LOOKUP(2,1/(ISNUMBER(C2:AG2)),C2:AG2)} -> 13271
A3: 南チーム | B3: すーさん | C3: 16931 | D3: 12495 | E3: 15490 | F3: 13468 | G3: 14517 | H3: 13999 | I3: =H3 -> 13999 | J3: 12400 | K3: 11935 | L3: 12777 | M3: 12815 | N3: 13404 | O3: 12940 | P3: =O3 -> 12940 | Q3: =P3 -> 12940 | R3: =Q3 -> 12940 | S3: =R3 -> 12940 | T3: 12256 | U3: =T3 -> 12256 | V3: 11604 | W3: 11848 | X3: =W3 -> 11848 | Y3: =X3 -> 11848 | Z3: 11959 | AA3: =Z3 -> 11959 | AB3: =AA3 -> 11959 | AC3: 11994 | AD3: =AC3 -> 11994 | AE3: 12042 | AF3: 12073 | AG3: 12137 | AH3: {=LOOKUP(2,1/(ISNUMBER(C3:AG3)),C3:AG3)} -> 12137
A4: 南チーム | B4: 元キリギリス | C4: 10325 | D4: 10604 | E4: 8690 | F4: 8515 | G4: 9132 | H4: 9749 | I4: =H4 -> 9749 | J4: 10442 | K4: 9566 | L4: 10253 | M4: 10418 | N4: 10573 | O4: 10639 | P4: =O4 -> 10639 | Q4: =P4 -> 10639 | R4: =Q4 -> 10639 | S4: =R4 -> 10639 | T4: 10037 | U4: =T4 -> 10037 | V4: 10265 | W4: 10554 | X4: =W4 -> 10554 | Y4: =X4 -> 10554 | Z4: 10116 | AA4: =Z4 -> 10116 | AB4: =AA4 -> 10116 | AC4: 9657 | AD4: =AC4 -> 9657 | AE4: 9446 | AF4: 9405 | AG4: 9382 | AH4: {=LOOKUP(2,1/(ISNUMBER(C4:AG4)),C4:AG4)} -> 9382
A5: 北チーム | B5: 孫次郎 | C5: 11460 | D5: 9617 | E5: 10117 | F5: 8054 | G5: 8315 | H5: 7363 | I5: =H5 -> 7363 | J5: 6860 | K5: 6695 | L5: 6814 | M5: 6339 | N5: 7153 | O5: 6714 | P5: =O5 -> 6714 | Q5: =P5 -> 6714 | R5: =Q5 -> 6714 | S5: =R5 -> 6714 | T5: 6164 | U5: =T5 -> 6164 | V5: 6323 | W5: 6200 | X5: =W5 -> 6200 | Y5: =X5 -> 6200 | Z5: 6847 | AA5: =Z5 -> 6847 | AB5: =AA5 -> 6847 | AC5: 6702 | AD5: =AC5 -> 6702 | AE5: 6678 | AF5: 6753 | AG5: 7099 | AH5: {=LOOKUP(2,1/(ISNUMBER(C5:AG5)),C5:AG5)} -> 7099
A6: 北チーム | B6: かがやん | C6: 0 | I6: =H6 -> 0 | AD6: 6371 | AE6: 6371 | AF6: 6714 | AG6: 6663 | AH6: {=LOOKUP(2,1/(ISNUMBER(C6:AG6)),C6:AG6)} -> 6663
A7: 南チーム | B7: すし | F7: 3606 | G7: 5593 | H7: 4990 | I7: =H7 -> 4990 | J7: 5464 | K7: 5294 | L7: 5810 | M7: 5713 | N7: 6091 | O7: 6187 | P7: =O7 -> 6187 | Q7: =P7 -> 6187 | R7: =Q7 -> 6187 | S7: =R7 -> 6187 | T7: 6145 | U7: =T7 -> 6145 | V7: 6484 | W7: 6484 | X7: =W7 -> 6484 | Y7: =X7 -> 6484 | Z7: 6484 | AA7: =Z7 -> 6484 | AB7: =AA7 -> 6484 | AC7: 6484 | AD7: =AC7 -> 6484 | AE7: 6252 | AF7: 6129 | AG7: 6129 | AH7: {=LOOKUP(2,1/(ISNUMBER(C7:AG7)),C7:AG7)} -> 6129
A8: 北チーム | B8: 加賀藩 | F8: 2771 | G8: 4031 | H8: 4592 | I8: =H8 -> 4592 | J8: 5550 | K8: 3739 | L8: 4627 | M8: 4865 | N8: 5200 | O8: 5877 | P8: =O8 -> 5877 | Q8: =P8 -> 5877 | R8: =Q8 -> 5877 | S8: =R8 -> 5877 | T8: 5217 | U8: =T8 -> 5217 | V8: 5410 | W8: 5334 | X8: =W8 -> 5334 | Y8: =X8 -> 5334 | Z8: 5775 | AA8: =Z8 -> 5775 | AB8: =AA8 -> 5775 | AC8: 5107 | AD8: =AC8 -> 5107 | AE8: 5033 | AF8: 5055 | AG8: 5055 | AH8: {=LOOKUP(2,1/(ISNUMBER(C8:AG8)),C8:AG8)} -> 5055
A9: 北チーム | B9: ボブ | C9: 0 | I9: =H9 -> 0 | T9: 3392 | U9: =T9 -> 3392 | V9: 3315 | W9: 3394 | X9: =W9 -> 3394 | Y9: =X9 -> 3394 | Z9: 3245 | AA9: =Z9 -> 3245 | AB9: =AA9 -> 3245 | AC9: 3227 | AD9: =AC9 -> 3227 | AE9: 4128 | AF9: 4128 | AG9: 4128 | AH9: {=LOOKUP(2,1/(ISNUMBER(C9:AG9)),C9:AG9)} -> 4128
A10: 南チーム | B10: ハッチ | C10: 6754 | D10: 6754 | E10: 4673 | F10: 4673 | G10: 4673 | H10: 4673 | I10: =H10 -> 4673 | J10: 4673 | K10: 4673 | L10: 4673 | M10: 4673 | N10: 4673 | O10: 4673 | P10: =O10 -> 4673 | Q10: =P10 -> 4673 | R10: =Q10 -> 4673 | S10: =R10 -> 4673 | T10: 2777 | U10: =T10 -> 2777 | V10: 2777 | W10: 2777 | X10: =W10 -> 2777 | Y10: =X10 -> 2777 | Z10: 2777 | AA10: =Z10 -> 2777 | AB10: =AA10 -> 2777 | AC10: 2777 | AD10: =AC10 -> 2777 | AE10: 2777 | AF10: 2379 | AG10: 2412 | AH10: {=LOOKUP(2,1/(ISNUMBER(C10:AG10)),C10:AG10)} -> 2412
A11: 南チーム | B11: サキ | C11: 3466 | D11: 2448 | E11: 1844 | F11: 1693 | G11: 2054 | H11: 1924 | I11: =H11 -> 1924 | J11: 1767 | K11: 1691 | L11: 1745 | M11: 1738 | N11: 1818 | O11: 1784 | P11: =O11 -> 1784 | Q11: =P11 -> 1784 | R11: =Q11 -> 1784 | S11: =R11 -> 1784 | T11: 1841 | U11: =T11 -> 1841 | V11: 1871 | W11: 1826 | X11: =W11 -> 1826 | Y11: =X11 -> 1826 | Z11: 1893 | AA11: =Z11 -> 1893 | AB11: =AA11 -> 1893 | AC11: 1842 | AD11: =AC11 -> 1842 | AE11: 1865 | AF11: 1990 | AG11: 2130 | AH11: {=LOOKUP(2,1/(ISNUMBER(C11:AG11)),C11:AG11)} -> 2130

Sheet 12月
A1: チーム | B1: 名前 | C1: 45992 | D1: 45993 | E1: 45994 | F1: 45995 | G1: 45996 | H1: 45997 | I1: 45998 | J1: 45999 | K1: 46000 | L1: 46001 | M1: 46002 | N1: 46003 | O1: 46004 | P1: 46005 | Q1: 46006 | R1: 46007 | S1: 46008 | T1: 46009 | U1: 46010 | V1: 46011 | W1: 46012 | X1: 46013 | Y1: 46014 | Z1: 46015 | AA1: 46016 | AB1: 46017 | AC1: 46018 | AD1: 46019 | AE1: 46020 | AF1: 46021 | AG1: 46022 | AH1: 結果
A2: 北チーム | B2: 見習いのコウキ | C2: 14970 | D2: 8611 | E2: 7328 | F2: 7998 | G2: 8790 | AH2: {=LOOKUP(2,1/(ISNUMBER(C2:AG2)),C2:AG2)} -> 8790
A3: 南チーム | B3: すーさん | C3: 15371 | D3: 17797 | E3: 17885 | F3: 15789 | G3: 15391 | AH3: {=LOOKUP(2,1/(ISNUMBER(C3:AG3)),C3:AG3)} -> 15391
A4: 南チーム | B4: 元キリギリス | C4: 4977 | D4: 5799 | E4: 7736 | F4: 7493 | G4: 9106 | AH4: {=LOOKUP(2,1/(ISNUMBER(C4:AG4)),C4:AG4)} -> 9106
A5: 北チーム | B5: 孫次郎 | C5: 4907 | D5: 4750 | E5: 8418 | F5: 6660 | G5: 5740 | AH5: {=LOOKUP(2,1/(ISNUMBER(C5:AG5)),C5:AG5)} -> 5740
A6: 北チーム | B6: かがやん | C6: 0 | D6: 3815 | E6: 5842 | F6: 7425 | G6: 7091 | AH6: {=LOOKUP(2,1/(ISNUMBER(C6:AG6)),C6:AG6)} -> 7091
A7: 南チーム | B7: すし | C7: 1160 | D7: 1160 | E7: 6090 | F7: 4936 | G7: 6976 | AH7: {=LOOKUP(2,1/(ISNUMBER(C7:AG7)),C7:AG7)} -> 6976
A8: 北チーム | B8: 加賀藩 | C8: 10622 | D8: 11572 | E8: 10333 | F8: 9222 | G8: 9135 | AH8: {=LOOKUP(2,1/(ISNUMBER(C8:AG8)),C8:AG8)} -> 9135
A9: 北チーム | B9: ボブ | C9: 0 | AH9: {=LOOKUP(2,1/(ISNUMBER(C9:AG9)),C9:AG9)} -> 0
A10: 南チーム | B10: ハッチ | C10: 2463 | D10: 2463 | E10: 2463 | F10: 2463 | G10: 2463 | AH10: {=LOOKUP(2,1/(ISNUMBER(C10:AG10)),C10:AG10)} -> 2463
A11: 南チーム | B11: サキ | C11: 2020 | D11: 1683 | E11: 1783 | F11: 1745 | G11: 1888 | AH11: {=LOOKUP(2,1/(ISNUMBER(C11:AG11)),C11:AG11)} -> 1888
